{"cameraMode":{"drawMode":0,"name":"Shaded","section":"Shading Mode"},"sceneLighting":false,"audioPlay":false,"sceneViewState":{"showFog":true,"showMaterialUpdate":false,"showSkybox":false,"showFlares":true,"showImageEffects":true,"showParticleSystems":true},"in2DMode":false,"pivot":{"x":-0.002454400062561035,"y":-0.004418522119522095,"z":-0.0009724944829940796},"rotation":{"x":0.21888163685798646,"y":0.5249103307723999,"z":-0.1551445871591568,"w":0.8081299066543579},"size":0.5715767741203308,"orthographic":false}