{"cameraMode":{"drawMode":0,"name":"Shaded","section":"Shading Mode"},"sceneLighting":false,"audioPlay":false,"sceneViewState":{"showFog":true,"showMaterialUpdate":false,"showSkybox":false,"showFlares":true,"showImageEffects":true,"showParticleSystems":true},"in2DMode":false,"pivot":{"x":0.06586834043264389,"y":0.4856259226799011,"z":-0.3477758765220642},"rotation":{"x":-0.5627343058586121,"y":-0.07268553227186203,"z":0.04981732740998268,"w":-0.8220075368881226},"size":2.03425669670105,"orthographic":false}