{"cameraMode":{"drawMode":0,"name":"Shaded","section":"Shading Mode"},"sceneLighting":false,"audioPlay":false,"sceneViewState":{"showFog":true,"showMaterialUpdate":false,"showSkybox":false,"showFlares":true,"showImageEffects":true,"showParticleSystems":true},"in2DMode":false,"pivot":{"x":-2.349071741104126,"y":1.303856611251831,"z":-0.14193201065063477},"rotation":{"x":-0.1374063342809677,"y":-0.5118324160575867,"z":0.09563766419887543,"w":-0.8429503440856934},"size":2.8578836917877199,"orthographic":false}