{"cameraMode":{"drawMode":0,"name":"Shaded","section":"Shading Mode"},"sceneLighting":false,"audioPlay":false,"sceneViewState":{"showFog":true,"showMaterialUpdate":false,"showSkybox":false,"showFlares":true,"showImageEffects":true,"showParticleSystems":true},"in2DMode":false,"pivot":{"x":2.014394998550415,"y":-14.679675102233887,"z":11.603411674499512},"rotation":{"x":-0.4338550269603729,"y":-0.07260603457689285,"z":0.03510408475995064,"w":-0.8974372148513794},"size":21.010000228881837,"orthographic":false}