{"cameraMode":{"drawMode":0,"name":"Shaded","section":"Shading Mode"},"sceneLighting":false,"audioPlay":false,"sceneViewState":{"showFog":true,"showMaterialUpdate":false,"showSkybox":false,"showFlares":true,"showImageEffects":true,"showParticleSystems":true},"in2DMode":false,"pivot":{"x":-9.361412048339844,"y":-10.464829444885254,"z":10.847512245178223},"rotation":{"x":0.2980547845363617,"y":-0.37387368083000185,"z":0.1161043643951416,"w":0.8709133863449097},"size":22.0,"orthographic":false}