{"cameraMode":{"drawMode":0,"name":"Shaded","section":"Shading Mode"},"sceneLighting":false,"audioPlay":false,"sceneViewState":{"showFog":true,"showMaterialUpdate":false,"showSkybox":false,"showFlares":true,"showImageEffects":true,"showParticleSystems":true},"in2DMode":false,"pivot":{"x":-0.8250347375869751,"y":0.5342845916748047,"z":-0.9121670126914978},"rotation":{"x":-0.1369350552558899,"y":-0.8463099002838135,"z":0.4213259220123291,"w":-0.2962379455566406},"size":0.700035810470581,"orthographic":false}