{"cameraMode":{"drawMode":0,"name":"Shaded","section":"Shading Mode"},"sceneLighting":false,"audioPlay":false,"sceneViewState":{"showFog":true,"showMaterialUpdate":false,"showSkybox":false,"showFlares":true,"showImageEffects":true,"showParticleSystems":true},"in2DMode":false,"pivot":{"x":0.9881883859634399,"y":-0.07020509243011475,"z":0.5144974589347839},"rotation":{"x":-0.42809799313545229,"y":0.39058151841163638,"z":-0.2125350385904312,"w":-0.7868020534515381},"size":1.7147305011749268,"orthographic":false}