{"cameraMode":{"drawMode":0,"name":"Shaded","section":"Shading Mode"},"sceneLighting":false,"audioPlay":false,"sceneViewState":{"showFog":true,"showMaterialUpdate":false,"showSkybox":false,"showFlares":true,"showImageEffects":true,"showParticleSystems":true},"in2DMode":false,"pivot":{"x":-0.15808385610580445,"y":0.3469078540802002,"z":0.2400134801864624},"rotation":{"x":-0.16022442281246186,"y":-0.8243727087974548,"z":0.4372727572917938,"w":-0.32200902700424197},"size":2.429201364517212,"orthographic":false}