{"cameraMode":{"drawMode":0,"name":"Shaded","section":"Shading Mode"},"sceneLighting":false,"audioPlay":false,"sceneViewState":{"showFog":true,"showMaterialUpdate":false,"showSkybox":false,"showFlares":true,"showImageEffects":true,"showParticleSystems":true},"in2DMode":false,"pivot":{"x":-2.6351253986358644,"y":1.6015675067901612,"z":-1.5809599161148072},"rotation":{"x":-0.1776871532201767,"y":-0.5309120416641235,"z":0.12777169048786164,"w":-0.8190235495567322},"size":2.8578836917877199,"orthographic":false}